"Status","Start Time","Stop Time","Duration in ms","Parent Suite","Suite","Sub Suite","Test Class","Test Method","Name","Description"
"failed","Fri Apr 24 02:00:43 UTC 2026","Fri Apr 24 02:00:55 UTC 2026","11743","UI Test Automation Suite","User-Specific Tests","com.saucedemo.tests.user.VisualUserTest","com.saucedemo.tests.user.VisualUserTest","testVisualUserCheckout","testVisualUserCheckout","Verify visual user can complete checkout despite visual issues"
"passed","Fri Apr 24 02:00:58 UTC 2026","Fri Apr 24 02:00:59 UTC 2026","785","UI Test Automation Suite","Login Tests","com.saucedemo.tests.LoginPageTest","com.saucedemo.tests.LoginPageTest","testLoginWithEmptyCredentials","testLoginWithEmptyCredentials","Verify login fails with empty credentials"
"passed","Fri Apr 24 01:59:31 UTC 2026","Fri Apr 24 01:59:32 UTC 2026","1131","UI Test Automation Suite","User-Specific Tests","com.saucedemo.tests.user.StandardUserTest","com.saucedemo.tests.user.StandardUserTest","testStandardUserAddToCart","testStandardUserAddToCart","Verify standard user can add products to cart"
"passed","Fri Apr 24 01:59:46 UTC 2026","Fri Apr 24 01:59:47 UTC 2026","1044","UI Test Automation Suite","User-Specific Tests","com.saucedemo.tests.user.ProblemUserTest","com.saucedemo.tests.user.ProblemUserTest","testProblemUserAddToCart","testProblemUserAddToCart","Verify problem user can add products to cart despite UI issues"
"failed","Fri Apr 24 02:01:18 UTC 2026","Fri Apr 24 02:01:19 UTC 2026","240","UI Test Automation Suite","Cart and Checkout Tests","com.saucedemo.tests.CartPageTest","com.saucedemo.tests.CartPageTest","testRemoveProductFromCart","testRemoveProductFromCart","Verify removing product from cart"
"failed","Fri Apr 24 02:04:22 UTC 2026","Fri Apr 24 02:04:22 UTC 2026","195","UI Test Automation Suite","Edge Case Tests","com.saucedemo.tests.EdgeCaseTest","com.saucedemo.tests.EdgeCaseTest","testAddToCartFromProductDetails","testAddToCartFromProductDetails","Verify add to cart from product details page"
"passed","Fri Apr 24 02:01:20 UTC 2026","Fri Apr 24 02:01:20 UTC 2026","193","UI Test Automation Suite","Cart and Checkout Tests","com.saucedemo.tests.CartPageTest","com.saucedemo.tests.CartPageTest","testContinueShoppingButton","testContinueShoppingButton","Verify continue shopping button navigates back to products"
"failed","Fri Apr 24 02:00:11 UTC 2026","Fri Apr 24 02:00:27 UTC 2026","16585","UI Test Automation Suite","User-Specific Tests","com.saucedemo.tests.user.PerformanceGlitchUserTest","com.saucedemo.tests.user.PerformanceGlitchUserTest","testPerformanceGlitchUserCheckout","testPerformanceGlitchUserCheckout","Verify performance glitch user can complete checkout"
"failed","Fri Apr 24 02:01:57 UTC 2026","Fri Apr 24 02:02:07 UTC 2026","10388","UI Test Automation Suite","Sorting Tests","com.saucedemo.tests.SortingTest","com.saucedemo.tests.SortingTest","testSortProductsZtoA","testSortProductsZtoA","Verify products can be sorted Z to A"
"passed","Fri Apr 24 02:03:22 UTC 2026","Fri Apr 24 02:03:24 UTC 2026","1685","UI Test Automation Suite","Security Tests","com.saucedemo.tests.SecurityTest","com.saucedemo.tests.SecurityTest","testVeryLongPassword","testVeryLongPassword","Verify very long password"
"passed","Fri Apr 24 02:00:28 UTC 2026","Fri Apr 24 02:00:30 UTC 2026","1038","UI Test Automation Suite","User-Specific Tests","com.saucedemo.tests.user.ErrorUserTest","com.saucedemo.tests.user.ErrorUserTest","testErrorUserAddToCart","testErrorUserAddToCart","Verify error user can add products to cart"
"passed","Fri Apr 24 02:03:19 UTC 2026","Fri Apr 24 02:03:20 UTC 2026","897","UI Test Automation Suite","Security Tests","com.saucedemo.tests.SecurityTest","com.saucedemo.tests.SecurityTest","testSpecialCharactersInUsername","testSpecialCharactersInUsername","Verify special characters in username"
"passed","Fri Apr 24 02:01:08 UTC 2026","Fri Apr 24 02:01:08 UTC 2026","35","UI Test Automation Suite","Products Tests","com.saucedemo.tests.ProductDetailsPageTest","com.saucedemo.tests.ProductDetailsPageTest","testProductNameIsDisplayed","testProductNameIsDisplayed","Verify product name is displayed"
"failed","Fri Apr 24 02:02:47 UTC 2026","Fri Apr 24 02:02:57 UTC 2026","10748","UI Test Automation Suite","Navigation Tests","com.saucedemo.tests.NavigationTest","com.saucedemo.tests.NavigationTest","testLogoutMenuLink","testLogoutMenuLink","Verify logout menu link works"
"passed","Fri Apr 24 01:59:59 UTC 2026","Fri Apr 24 02:00:04 UTC 2026","5955","UI Test Automation Suite","User-Specific Tests","com.saucedemo.tests.user.PerformanceGlitchUserTest","com.saucedemo.tests.user.PerformanceGlitchUserTest","testPerformanceGlitchUserLogin","testPerformanceGlitchUserLogin","Verify performance glitch user can login with delay"
"passed","Fri Apr 24 02:01:21 UTC 2026","Fri Apr 24 02:01:21 UTC 2026","245","UI Test Automation Suite","Cart and Checkout Tests","com.saucedemo.tests.CartPageTest","com.saucedemo.tests.CartPageTest","testCheckoutButton","testCheckoutButton","Verify checkout button navigates to checkout page"
"skipped","Fri Apr 24 02:01:45 UTC 2026","Fri Apr 24 02:01:45 UTC 2026","1","UI Test Automation Suite","Cart and Checkout Tests","com.saucedemo.tests.CheckoutPageTest","com.saucedemo.tests.CheckoutPageTest","testCheckoutWithEmptyPostalCode","testCheckoutWithEmptyPostalCode","Verify checkout fails with empty postal code"
"failed","Fri Apr 24 02:01:05 UTC 2026","Fri Apr 24 02:01:05 UTC 2026","288","UI Test Automation Suite","Products Tests","com.saucedemo.tests.ProductsPageTest","com.saucedemo.tests.ProductsPageTest","testAddMultipleProductsToCart","testAddMultipleProductsToCart","Verify adding multiple products to cart"
"passed","Fri Apr 24 02:03:15 UTC 2026","Fri Apr 24 02:03:15 UTC 2026","25","UI Test Automation Suite","Navigation Tests","com.saucedemo.tests.NavigationTest","com.saucedemo.tests.NavigationTest","testLinkedInLinkExists","testLinkedInLinkExists","Verify LinkedIn link exists in footer"
"passed","Fri Apr 24 02:01:15 UTC 2026","Fri Apr 24 02:01:15 UTC 2026","120","UI Test Automation Suite","Cart and Checkout Tests","com.saucedemo.tests.CartPageTest","com.saucedemo.tests.CartPageTest","testCartPageIsDisplayed","testCartPageIsDisplayed","Verify cart page is displayed"
"passed","Fri Apr 24 02:01:17 UTC 2026","Fri Apr 24 02:01:17 UTC 2026","180","UI Test Automation Suite","Cart and Checkout Tests","com.saucedemo.tests.CartPageTest","com.saucedemo.tests.CartPageTest","testCartDisplaysAddedProduct","testCartDisplaysAddedProduct","Verify cart displays added product"
"passed","Fri Apr 24 02:01:06 UTC 2026","Fri Apr 24 02:01:06 UTC 2026","135","UI Test Automation Suite","Products Tests","com.saucedemo.tests.ProductsPageTest","com.saucedemo.tests.ProductsPageTest","testClickProductNavigatesToDetails","testClickProductNavigatesToDetails","Verify clicking on product navigates to details page"
"passed","Fri Apr 24 02:03:20 UTC 2026","Fri Apr 24 02:03:22 UTC 2026","1643","UI Test Automation Suite","Security Tests","com.saucedemo.tests.SecurityTest","com.saucedemo.tests.SecurityTest","testVeryLongUsername","testVeryLongUsername","Verify very long username"
"passed","Fri Apr 24 02:03:33 UTC 2026","Fri Apr 24 02:03:33 UTC 2026","32","UI Test Automation Suite","UI Validation Tests","com.saucedemo.tests.UIValidationTest","com.saucedemo.tests.UIValidationTest","testPageTitleCorrect","testPageTitleCorrect","Verify page title is correct"
"passed","Fri Apr 24 02:01:07 UTC 2026","Fri Apr 24 02:01:07 UTC 2026","21","UI Test Automation Suite","Products Tests","com.saucedemo.tests.ProductsPageTest","com.saucedemo.tests.ProductsPageTest","testCartIsEmptyInitially","testCartIsEmptyInitially","Verify cart is empty initially"
"passed","Fri Apr 24 02:03:39 UTC 2026","Fri Apr 24 02:03:39 UTC 2026","109","UI Test Automation Suite","UI Validation Tests","com.saucedemo.tests.UIValidationTest","com.saucedemo.tests.UIValidationTest","testProductNameClickable","testProductNameClickable","Verify product name is clickable"
"failed","Fri Apr 24 01:59:32 UTC 2026","Fri Apr 24 01:59:44 UTC 2026","11558","UI Test Automation Suite","User-Specific Tests","com.saucedemo.tests.user.StandardUserTest","com.saucedemo.tests.user.StandardUserTest","testStandardUserCheckout","testStandardUserCheckout","Verify standard user can complete checkout"
"passed","Fri Apr 24 02:03:30 UTC 2026","Fri Apr 24 02:03:30 UTC 2026","14","UI Test Automation Suite","UI Validation Tests","com.saucedemo.tests.UIValidationTest","com.saucedemo.tests.UIValidationTest","testAllProductPricesDisplayed","testAllProductPricesDisplayed","Verify all product prices are displayed"
"skipped","Fri Apr 24 02:01:45 UTC 2026","Fri Apr 24 02:01:45 UTC 2026","0","UI Test Automation Suite","Cart and Checkout Tests","com.saucedemo.tests.CheckoutPageTest","com.saucedemo.tests.CheckoutPageTest","testCheckoutWithMultipleProducts","testCheckoutWithMultipleProducts","Verify checkout with multiple products"
"passed","Fri Apr 24 02:00:56 UTC 2026","Fri Apr 24 02:00:57 UTC 2026","877","UI Test Automation Suite","Login Tests","com.saucedemo.tests.LoginPageTest","com.saucedemo.tests.LoginPageTest","testLoginWithInvalidUsername","testLoginWithInvalidUsername","Verify login fails with invalid username"
"skipped","Fri Apr 24 02:01:45 UTC 2026","Fri Apr 24 02:01:45 UTC 2026","1","UI Test Automation Suite","Cart and Checkout Tests","com.saucedemo.tests.CheckoutPageTest","com.saucedemo.tests.CheckoutPageTest","testCancelCheckout","testCancelCheckout","Verify cancel button returns to cart"
"passed","Fri Apr 24 02:00:42 UTC 2026","Fri Apr 24 02:00:43 UTC 2026","1070","UI Test Automation Suite","User-Specific Tests","com.saucedemo.tests.user.VisualUserTest","com.saucedemo.tests.user.VisualUserTest","testVisualUserAddToCart","testVisualUserAddToCart","Verify visual user can add products to cart"
"passed","Fri Apr 24 02:03:13 UTC 2026","Fri Apr 24 02:03:13 UTC 2026","29","UI Test Automation Suite","Navigation Tests","com.saucedemo.tests.NavigationTest","com.saucedemo.tests.NavigationTest","testTwitterLinkExists","testTwitterLinkExists","Verify Twitter link exists in footer"
"passed","Fri Apr 24 02:03:32 UTC 2026","Fri Apr 24 02:03:32 UTC 2026","24","UI Test Automation Suite","UI Validation Tests","com.saucedemo.tests.UIValidationTest","com.saucedemo.tests.UIValidationTest","testProductCountMatchesExpected","testProductCountMatchesExpected","Verify product count matches expected"
"failed","Fri Apr 24 02:03:52 UTC 2026","Fri Apr 24 02:04:02 UTC 2026","10315","UI Test Automation Suite","UI Validation Tests","com.saucedemo.tests.UIValidationTest","com.saucedemo.tests.UIValidationTest","testPeekLinkInFooter","testPeekLinkInFooter","Verify peek link in footer"
"skipped","Fri Apr 24 02:01:45 UTC 2026","Fri Apr 24 02:01:45 UTC 2026","1","UI Test Automation Suite","Cart and Checkout Tests","com.saucedemo.tests.CheckoutPageTest","com.saucedemo.tests.CheckoutPageTest","testCheckoutWithEmptyFirstName","testCheckoutWithEmptyFirstName","Verify checkout fails with empty first name"
"failed","Fri Apr 24 02:04:05 UTC 2026","Fri Apr 24 02:04:15 UTC 2026","10639","UI Test Automation Suite","Edge Case Tests","com.saucedemo.tests.EdgeCaseTest","com.saucedemo.tests.EdgeCaseTest","testRemoveAllProductsFromCart","testRemoveAllProductsFromCart","Verify removing all products from cart"
"passed","Fri Apr 24 02:03:31 UTC 2026","Fri Apr 24 02:03:31 UTC 2026","14","UI Test Automation Suite","UI Validation Tests","com.saucedemo.tests.UIValidationTest","com.saucedemo.tests.UIValidationTest","testAllAddToCartButtonsDisplayed","testAllAddToCartButtonsDisplayed","Verify all add to cart buttons are displayed"
"passed","Fri Apr 24 01:59:44 UTC 2026","Fri Apr 24 01:59:45 UTC 2026","940","UI Test Automation Suite","User-Specific Tests","com.saucedemo.tests.user.LockedOutUserTest","com.saucedemo.tests.user.LockedOutUserTest","testLockedOutUserCannotLogin","testLockedOutUserCannotLogin","Verify locked out user cannot login"
"passed","Fri Apr 24 02:01:03 UTC 2026","Fri Apr 24 02:01:03 UTC 2026","27","UI Test Automation Suite","Products Tests","com.saucedemo.tests.ProductsPageTest","com.saucedemo.tests.ProductsPageTest","testProductsAreListed","testProductsAreListed","Verify products are listed on the page"
"passed","Fri Apr 24 02:04:17 UTC 2026","Fri Apr 24 02:04:17 UTC 2026","121","UI Test Automation Suite","Edge Case Tests","com.saucedemo.tests.EdgeCaseTest","com.saucedemo.tests.EdgeCaseTest","testAddSameProductMultipleTimes","testAddSameProductMultipleTimes","Verify adding same product multiple times"
"failed","Fri Apr 24 01:59:47 UTC 2026","Fri Apr 24 01:59:58 UTC 2026","11402","UI Test Automation Suite","User-Specific Tests","com.saucedemo.tests.user.ProblemUserTest","com.saucedemo.tests.user.ProblemUserTest","testProblemUserCheckout","testProblemUserCheckout","Verify problem user experiences issues during checkout"
"passed","Fri Apr 24 02:02:45 UTC 2026","Fri Apr 24 02:02:46 UTC 2026","353","UI Test Automation Suite","Navigation Tests","com.saucedemo.tests.NavigationTest","com.saucedemo.tests.NavigationTest","testAboutMenuLink","testAboutMenuLink","Verify about menu link exists"
"failed","Fri Apr 24 02:01:45 UTC 2026","Fri Apr 24 02:01:56 UTC 2026","10254","UI Test Automation Suite","Sorting Tests","com.saucedemo.tests.SortingTest","com.saucedemo.tests.SortingTest","testSortProductsAtoZ","testSortProductsAtoZ","Verify products can be sorted A to Z"
"passed","Fri Apr 24 02:00:27 UTC 2026","Fri Apr 24 02:00:28 UTC 2026","952","UI Test Automation Suite","User-Specific Tests","com.saucedemo.tests.user.ErrorUserTest","com.saucedemo.tests.user.ErrorUserTest","testErrorUserLogin","testErrorUserLogin","Verify error user can login"
"failed","Fri Apr 24 02:02:31 UTC 2026","Fri Apr 24 02:02:42 UTC 2026","10378","UI Test Automation Suite","Sorting Tests","com.saucedemo.tests.SortingTest","com.saucedemo.tests.SortingTest","testSortingPersistsAfterAddingToCart","testSortingPersistsAfterAddingToCart","Verify sorting persists after adding item to cart"
"passed","Fri Apr 24 02:00:59 UTC 2026","Fri Apr 24 02:01:00 UTC 2026","892","UI Test Automation Suite","Login Tests","com.saucedemo.tests.LoginPageTest","com.saucedemo.tests.LoginPageTest","testLockedOutUser","testLockedOutUser","Verify locked out user cannot login"
"passed","Fri Apr 24 02:03:17 UTC 2026","Fri Apr 24 02:03:17 UTC 2026","640","UI Test Automation Suite","Security Tests","com.saucedemo.tests.SecurityTest","com.saucedemo.tests.SecurityTest","testDirectCheckoutAccessWithoutLogin","testDirectCheckoutAccessWithoutLogin","Verify direct URL access to checkout without login redirects to login"
"passed","Fri Apr 24 02:01:16 UTC 2026","Fri Apr 24 02:01:16 UTC 2026","104","UI Test Automation Suite","Cart and Checkout Tests","com.saucedemo.tests.CartPageTest","com.saucedemo.tests.CartPageTest","testEmptyCart","testEmptyCart","Verify cart is empty when no products added"
"failed","Fri Apr 24 02:02:08 UTC 2026","Fri Apr 24 02:02:19 UTC 2026","10361","UI Test Automation Suite","Sorting Tests","com.saucedemo.tests.SortingTest","com.saucedemo.tests.SortingTest","testSortProductsPriceLowToHigh","testSortProductsPriceLowToHigh","Verify products can be sorted by price low to high"
"failed","Fri Apr 24 02:01:14 UTC 2026","Fri Apr 24 02:01:14 UTC 2026","99","UI Test Automation Suite","Products Tests","com.saucedemo.tests.ProductDetailsPageTest","com.saucedemo.tests.ProductDetailsPageTest","testBackButtonNavigatesToProducts","testBackButtonNavigatesToProducts","Verify back button navigates to products page"
"passed","Fri Apr 24 02:03:29 UTC 2026","Fri Apr 24 02:03:29 UTC 2026","15","UI Test Automation Suite","UI Validation Tests","com.saucedemo.tests.UIValidationTest","com.saucedemo.tests.UIValidationTest","testAllProductDescriptionsDisplayed","testAllProductDescriptionsDisplayed","Verify all product descriptions are displayed"
"passed","Fri Apr 24 02:03:38 UTC 2026","Fri Apr 24 02:03:38 UTC 2026","113","UI Test Automation Suite","UI Validation Tests","com.saucedemo.tests.UIValidationTest","com.saucedemo.tests.UIValidationTest","testProductImageClickable","testProductImageClickable","Verify product image is clickable"
"passed","Fri Apr 24 02:02:43 UTC 2026","Fri Apr 24 02:02:43 UTC 2026","102","UI Test Automation Suite","Navigation Tests","com.saucedemo.tests.NavigationTest","com.saucedemo.tests.NavigationTest","testHamburgerMenuOpens","testHamburgerMenuOpens","Verify hamburger menu opens"
"passed","Fri Apr 24 02:03:37 UTC 2026","Fri Apr 24 02:03:37 UTC 2026","111","UI Test Automation Suite","UI Validation Tests","com.saucedemo.tests.UIValidationTest","com.saucedemo.tests.UIValidationTest","testAddToCartButtonChangesToRemove","testAddToCartButtonChangesToRemove","Verify add to cart button changes to remove after click"
"passed","Fri Apr 24 02:03:27 UTC 2026","Fri Apr 24 02:03:27 UTC 2026","18","UI Test Automation Suite","UI Validation Tests","com.saucedemo.tests.UIValidationTest","com.saucedemo.tests.UIValidationTest","testAllProductImagesDisplayed","testAllProductImagesDisplayed","Verify all product images are displayed"
"passed","Fri Apr 24 02:03:24 UTC 2026","Fri Apr 24 02:03:25 UTC 2026","911","UI Test Automation Suite","Security Tests","com.saucedemo.tests.SecurityTest","com.saucedemo.tests.SecurityTest","testCaseSensitivityInUsername","testCaseSensitivityInUsername","Verify case sensitivity in username"
"failed","Fri Apr 24 02:04:03 UTC 2026","Fri Apr 24 02:04:04 UTC 2026","511","UI Test Automation Suite","Edge Case Tests","com.saucedemo.tests.EdgeCaseTest","com.saucedemo.tests.EdgeCaseTest","testAddAllProductsToCart","testAddAllProductsToCart","Verify adding all products to cart"
"failed","Fri Apr 24 02:01:23 UTC 2026","Fri Apr 24 02:01:33 UTC 2026","10215","UI Test Automation Suite","Cart and Checkout Tests","com.saucedemo.tests.CheckoutPageTest","com.saucedemo.tests.CheckoutPageTest","testSuccessfulCheckout","testSuccessfulCheckout","Verify successful checkout with valid information"
"passed","Fri Apr 24 01:59:28 UTC 2026","Fri Apr 24 01:59:31 UTC 2026","3033","UI Test Automation Suite","User-Specific Tests","com.saucedemo.tests.user.StandardUserTest","com.saucedemo.tests.user.StandardUserTest","testStandardUserLogin","testStandardUserLogin","Verify standard user can login successfully"
"passed","Fri Apr 24 02:02:44 UTC 2026","Fri Apr 24 02:02:44 UTC 2026","461","UI Test Automation Suite","Navigation Tests","com.saucedemo.tests.NavigationTest","com.saucedemo.tests.NavigationTest","testAllItemsMenuLink","testAllItemsMenuLink","Verify all items menu link works"
"passed","Fri Apr 24 02:04:19 UTC 2026","Fri Apr 24 02:04:19 UTC 2026","189","UI Test Automation Suite","Edge Case Tests","com.saucedemo.tests.EdgeCaseTest","com.saucedemo.tests.EdgeCaseTest","testContinueShoppingFromCart","testContinueShoppingFromCart","Verify continue shopping from cart returns to products"
"passed","Fri Apr 24 02:03:28 UTC 2026","Fri Apr 24 02:03:28 UTC 2026","18","UI Test Automation Suite","UI Validation Tests","com.saucedemo.tests.UIValidationTest","com.saucedemo.tests.UIValidationTest","testAllProductNamesDisplayed","testAllProductNamesDisplayed","Verify all product names are displayed"
"passed","Fri Apr 24 02:00:05 UTC 2026","Fri Apr 24 02:00:11 UTC 2026","6069","UI Test Automation Suite","User-Specific Tests","com.saucedemo.tests.user.PerformanceGlitchUserTest","com.saucedemo.tests.user.PerformanceGlitchUserTest","testPerformanceGlitchUserAddToCart","testPerformanceGlitchUserAddToCart","Verify performance glitch user can add products to cart"
"passed","Fri Apr 24 02:03:14 UTC 2026","Fri Apr 24 02:03:14 UTC 2026","25","UI Test Automation Suite","Navigation Tests","com.saucedemo.tests.NavigationTest","com.saucedemo.tests.NavigationTest","testFacebookLinkExists","testFacebookLinkExists","Verify Facebook link exists in footer"
"passed","Fri Apr 24 02:01:11 UTC 2026","Fri Apr 24 02:01:11 UTC 2026","36","UI Test Automation Suite","Products Tests","com.saucedemo.tests.ProductDetailsPageTest","com.saucedemo.tests.ProductDetailsPageTest","testProductDescriptionIsDisplayed","testProductDescriptionIsDisplayed","Verify product description is displayed"
"passed","Fri Apr 24 02:01:01 UTC 2026","Fri Apr 24 02:01:01 UTC 2026","38","UI Test Automation Suite","Products Tests","com.saucedemo.tests.ProductsPageTest","com.saucedemo.tests.ProductsPageTest","testProductsPageDisplay","testProductsPageDisplay","Verify products page is displayed after login"
"passed","Fri Apr 24 02:03:36 UTC 2026","Fri Apr 24 02:03:36 UTC 2026","121","UI Test Automation Suite","UI Validation Tests","com.saucedemo.tests.UIValidationTest","com.saucedemo.tests.UIValidationTest","testShoppingCartBadgeUpdates","testShoppingCartBadgeUpdates","Verify shopping cart badge updates correctly"
"passed","Fri Apr 24 02:03:35 UTC 2026","Fri Apr 24 02:03:35 UTC 2026","25","UI Test Automation Suite","UI Validation Tests","com.saucedemo.tests.UIValidationTest","com.saucedemo.tests.UIValidationTest","testFooterTextDisplayed","testFooterTextDisplayed","Verify footer text is displayed"
"passed","Fri Apr 24 02:04:18 UTC 2026","Fri Apr 24 02:04:18 UTC 2026","204","UI Test Automation Suite","Edge Case Tests","com.saucedemo.tests.EdgeCaseTest","com.saucedemo.tests.EdgeCaseTest","testCartPersistsAcrossNavigation","testCartPersistsAcrossNavigation","Verify cart persists across page navigation"
"failed","Fri Apr 24 02:04:21 UTC 2026","Fri Apr 24 02:04:21 UTC 2026","201","UI Test Automation Suite","Edge Case Tests","com.saucedemo.tests.EdgeCaseTest","com.saucedemo.tests.EdgeCaseTest","testProductDetailsBackButton","testProductDetailsBackButton","Verify product details back button"
"failed","Fri Apr 24 02:00:30 UTC 2026","Fri Apr 24 02:00:41 UTC 2026","11386","UI Test Automation Suite","User-Specific Tests","com.saucedemo.tests.user.ErrorUserTest","com.saucedemo.tests.user.ErrorUserTest","testErrorUserCheckout","testErrorUserCheckout","Verify error user experiences issues during checkout"
"skipped","Fri Apr 24 02:01:45 UTC 2026","Fri Apr 24 02:01:45 UTC 2026","0","UI Test Automation Suite","Cart and Checkout Tests","com.saucedemo.tests.CheckoutPageTest","com.saucedemo.tests.CheckoutPageTest","testCheckoutWithEmptyLastName","testCheckoutWithEmptyLastName","Verify checkout fails with empty last name"
"passed","Fri Apr 24 02:03:12 UTC 2026","Fri Apr 24 02:03:12 UTC 2026","124","UI Test Automation Suite","Navigation Tests","com.saucedemo.tests.NavigationTest","com.saucedemo.tests.NavigationTest","testShoppingCartIconClickable","testShoppingCartIconClickable","Verify shopping cart icon is clickable"
"passed","Fri Apr 24 02:01:13 UTC 2026","Fri Apr 24 02:01:13 UTC 2026","82","UI Test Automation Suite","Products Tests","com.saucedemo.tests.ProductDetailsPageTest","com.saucedemo.tests.ProductDetailsPageTest","testAddProductToCartFromDetails","testAddProductToCartFromDetails","Verify adding product to cart from details page"
"failed","Fri Apr 24 02:04:24 UTC 2026","Fri Apr 24 02:04:24 UTC 2026","271","UI Test Automation Suite","Edge Case Tests","com.saucedemo.tests.EdgeCaseTest","com.saucedemo.tests.EdgeCaseTest","testRemoveFromCartFromProductDetails","testRemoveFromCartFromProductDetails","Verify remove from cart from product details page"
"passed","Fri Apr 24 02:03:16 UTC 2026","Fri Apr 24 02:03:17 UTC 2026","669","UI Test Automation Suite","Security Tests","com.saucedemo.tests.SecurityTest","com.saucedemo.tests.SecurityTest","testDirectCartAccessWithoutLogin","testDirectCartAccessWithoutLogin","Verify direct URL access to cart page without login redirects to login"
"passed","Fri Apr 24 02:01:12 UTC 2026","Fri Apr 24 02:01:12 UTC 2026","20","UI Test Automation Suite","Products Tests","com.saucedemo.tests.ProductDetailsPageTest","com.saucedemo.tests.ProductDetailsPageTest","testAddToCartButtonIsDisplayed","testAddToCartButtonIsDisplayed","Verify add to cart button is displayed"
"passed","Fri Apr 24 02:01:10 UTC 2026","Fri Apr 24 02:01:10 UTC 2026","37","UI Test Automation Suite","Products Tests","com.saucedemo.tests.ProductDetailsPageTest","com.saucedemo.tests.ProductDetailsPageTest","testProductPriceIsDisplayed","testProductPriceIsDisplayed","Verify product price is displayed"
"passed","Fri Apr 24 02:00:41 UTC 2026","Fri Apr 24 02:00:42 UTC 2026","931","UI Test Automation Suite","User-Specific Tests","com.saucedemo.tests.user.VisualUserTest","com.saucedemo.tests.user.VisualUserTest","testVisualUserLogin","testVisualUserLogin","Verify visual user can login"
"failed","Fri Apr 24 02:03:40 UTC 2026","Fri Apr 24 02:03:51 UTC 2026","10256","UI Test Automation Suite","UI Validation Tests","com.saucedemo.tests.UIValidationTest","com.saucedemo.tests.UIValidationTest","testCopyrightTextContainsYear","testCopyrightTextContainsYear","Verify copyright text contains correct year"
"passed","Fri Apr 24 02:03:25 UTC 2026","Fri Apr 24 02:03:26 UTC 2026","922","UI Test Automation Suite","Security Tests","com.saucedemo.tests.SecurityTest","com.saucedemo.tests.SecurityTest","testCaseSensitivityInPassword","testCaseSensitivityInPassword","Verify case sensitivity in password"
"passed","Fri Apr 24 02:02:59 UTC 2026","Fri Apr 24 02:02:59 UTC 2026","355","UI Test Automation Suite","Navigation Tests","com.saucedemo.tests.NavigationTest","com.saucedemo.tests.NavigationTest","testResetAppStateMenuLink","testResetAppStateMenuLink","Verify reset app state menu link exists"
"passed","Fri Apr 24 02:00:55 UTC 2026","Fri Apr 24 02:00:56 UTC 2026","918","UI Test Automation Suite","Login Tests","com.saucedemo.tests.LoginPageTest","com.saucedemo.tests.LoginPageTest","testSuccessfulLogin","testSuccessfulLogin","Verify successful login with valid credentials"
"passed","Fri Apr 24 02:01:04 UTC 2026","Fri Apr 24 02:01:04 UTC 2026","126","UI Test Automation Suite","Products Tests","com.saucedemo.tests.ProductsPageTest","com.saucedemo.tests.ProductsPageTest","testAddProductToCart","testAddProductToCart","Verify adding product to cart"
"passed","Fri Apr 24 02:03:15 UTC 2026","Fri Apr 24 02:03:16 UTC 2026","661","UI Test Automation Suite","Security Tests","com.saucedemo.tests.SecurityTest","com.saucedemo.tests.SecurityTest","testDirectInventoryAccessWithoutLogin","testDirectInventoryAccessWithoutLogin","Verify direct URL access to inventory page without login redirects to login"
"passed","Fri Apr 24 02:03:18 UTC 2026","Fri Apr 24 02:03:19 UTC 2026","947","UI Test Automation Suite","Security Tests","com.saucedemo.tests.SecurityTest","com.saucedemo.tests.SecurityTest","testXSSInUsername","testXSSInUsername","Verify XSS in username field"
"passed","Fri Apr 24 02:00:57 UTC 2026","Fri Apr 24 02:00:58 UTC 2026","873","UI Test Automation Suite","Login Tests","com.saucedemo.tests.LoginPageTest","com.saucedemo.tests.LoginPageTest","testLoginWithInvalidPassword","testLoginWithInvalidPassword","Verify login fails with invalid password"
"failed","Fri Apr 24 02:01:45 UTC 2026","Fri Apr 24 02:01:45 UTC 2026","1","UI Test Automation Suite","Cart and Checkout Tests","com.saucedemo.tests.CheckoutPageTest","com.saucedemo.tests.CheckoutPageTest","setupCheckout","setupCheckout",""
"passed","Fri Apr 24 02:03:34 UTC 2026","Fri Apr 24 02:03:34 UTC 2026","26","UI Test Automation Suite","UI Validation Tests","com.saucedemo.tests.UIValidationTest","com.saucedemo.tests.UIValidationTest","testAppLogoDisplayed","testAppLogoDisplayed","Verify app logo is displayed"
"failed","Fri Apr 24 02:02:20 UTC 2026","Fri Apr 24 02:02:30 UTC 2026","10392","UI Test Automation Suite","Sorting Tests","com.saucedemo.tests.SortingTest","com.saucedemo.tests.SortingTest","testSortProductsPriceHighToLow","testSortProductsPriceHighToLow","Verify products can be sorted by price high to low"
"passed","Fri Apr 24 01:59:45 UTC 2026","Fri Apr 24 01:59:46 UTC 2026","960","UI Test Automation Suite","User-Specific Tests","com.saucedemo.tests.user.ProblemUserTest","com.saucedemo.tests.user.ProblemUserTest","testProblemUserLogin","testProblemUserLogin","Verify problem user can login"
"passed","Fri Apr 24 02:04:20 UTC 2026","Fri Apr 24 02:04:20 UTC 2026","95","UI Test Automation Suite","Edge Case Tests","com.saucedemo.tests.EdgeCaseTest","com.saucedemo.tests.EdgeCaseTest","testEmptyCartCheckout","testEmptyCartCheckout","Verify empty cart checkout attempt"
"failed","Fri Apr 24 02:03:00 UTC 2026","Fri Apr 24 02:03:11 UTC 2026","10698","UI Test Automation Suite","Navigation Tests","com.saucedemo.tests.NavigationTest","com.saucedemo.tests.NavigationTest","testMenuClosesWithXButton","testMenuClosesWithXButton","Verify menu closes with X button"
"passed","Fri Apr 24 02:04:25 UTC 2026","Fri Apr 24 02:04:25 UTC 2026","119","UI Test Automation Suite","Edge Case Tests","com.saucedemo.tests.EdgeCaseTest","com.saucedemo.tests.EdgeCaseTest","testRapidClickingAddToCart","testRapidClickingAddToCart","Verify rapid clicking add to cart button"
"passed","Fri Apr 24 02:03:17 UTC 2026","Fri Apr 24 02:03:18 UTC 2026","888","UI Test Automation Suite","Security Tests","com.saucedemo.tests.SecurityTest","com.saucedemo.tests.SecurityTest","testSQLInjectionInUsername","testSQLInjectionInUsername","Verify SQL injection in username field"
